{"mse": 0.5558915986952444, "r2": 0.5757877060324508}